PassengerId,Survived,Pclass,Sex_male,Embarked_C,Embarked_Q,Embarked_S,Title_Master,Title_Miss,Title_Mr,Title_Mrs,Title_Others,Classe_Idade,Family,Classe_Fare
1,0,3,1,0,0,1,0,0,1,0,0,2,1,3
2,1,1,0,1,0,0,0,0,0,1,0,2,1,1
3,1,3,0,0,0,1,0,1,0,0,0,2,0,3
4,1,1,0,0,0,1,0,0,0,1,0,2,1,2
5,0,3,1,0,0,1,0,0,1,0,0,2,0,3
6,0,3,1,0,1,0,0,0,1,0,0,2,0,3
7,0,1,1,0,0,1,0,0,1,0,0,2,0,2
8,0,3,1,0,0,1,1,0,0,0,0,1,4,2
9,1,3,0,0,0,1,0,0,0,1,0,2,2,3
10,1,2,0,1,0,0,0,0,0,1,0,1,1,2
11,1,3,0,0,0,1,0,1,0,0,0,1,2,3
12,1,1,0,0,0,1,0,1,0,0,0,3,0,2
13,0,3,1,0,0,1,0,0,1,0,0,2,0,3
14,0,3,1,0,0,1,0,0,1,0,0,2,6,2
15,0,3,0,0,0,1,0,1,0,0,0,1,0,3
16,1,2,0,0,0,1,0,0,0,1,0,3,0,3
17,0,3,1,0,1,0,1,0,0,0,0,1,5,2
18,1,2,1,0,0,1,0,0,1,0,0,2,0,3
19,0,3,0,0,0,1,0,0,0,1,0,2,1,3
20,1,3,0,1,0,0,0,0,0,1,0,2,0,3
21,0,2,1,0,0,1,0,0,1,0,0,2,0,2
22,1,2,1,0,0,1,0,0,1,0,0,2,0,3
23,1,3,0,0,1,0,0,1,0,0,0,1,0,3
24,1,1,1,0,0,1,0,0,1,0,0,2,0,2
25,0,3,0,0,0,1,0,1,0,0,0,1,4,2
26,1,3,0,0,0,1,0,0,0,1,0,2,6,2
27,0,3,1,1,0,0,0,0,1,0,0,2,0,3
28,0,1,1,0,0,1,0,0,1,0,0,2,5,1
29,1,3,0,0,1,0,0,1,0,0,0,2,0,3
30,0,3,1,0,0,1,0,0,1,0,0,2,0,3
31,0,1,1,1,0,0,0,0,0,0,1,2,0,2
32,1,1,0,1,0,0,0,0,0,1,0,2,1,1
33,1,3,0,0,1,0,0,1,0,0,0,2,0,3
34,0,2,1,0,0,1,0,0,1,0,0,3,0,3
35,0,1,1,1,0,0,0,0,1,0,0,2,1,1
36,0,1,1,0,0,1,0,0,1,0,0,2,1,2
37,1,3,1,1,0,0,0,0,1,0,0,2,0,3
38,0,3,1,0,0,1,0,0,1,0,0,2,0,3
39,0,3,0,0,0,1,0,1,0,0,0,2,2,3
40,1,3,0,1,0,0,0,1,0,0,0,1,1,3
41,0,3,0,0,0,1,0,0,0,1,0,2,1,3
42,0,2,0,0,0,1,0,0,0,1,0,2,1,2
43,0,3,1,1,0,0,0,0,1,0,0,2,0,3
44,1,2,0,1,0,0,0,1,0,0,0,1,3,2
45,1,3,0,0,1,0,0,1,0,0,0,2,0,3
46,0,3,1,0,0,1,0,0,1,0,0,2,0,3
47,0,3,1,0,1,0,0,0,1,0,0,2,1,3
48,1,3,0,0,1,0,0,1,0,0,0,2,0,3
49,0,3,1,1,0,0,0,0,1,0,0,2,2,2
50,0,3,0,0,0,1,0,0,0,1,0,2,1,3
51,0,3,1,0,0,1,1,0,0,0,0,1,5,2
52,0,3,1,0,0,1,0,0,1,0,0,2,0,3
53,1,1,0,1,0,0,0,0,0,1,0,2,1,1
54,1,2,0,0,0,1,0,0,0,1,0,2,1,2
55,0,1,1,1,0,0,0,0,1,0,0,3,1,2
56,1,1,1,0,0,1,0,0,1,0,0,2,0,2
57,1,2,0,0,0,1,0,1,0,0,0,2,0,3
58,0,3,1,1,0,0,0,0,1,0,0,2,0,3
59,1,2,0,0,0,1,0,1,0,0,0,1,3,2
60,0,3,1,0,0,1,1,0,0,0,0,1,7,2
61,0,3,1,1,0,0,0,0,1,0,0,2,0,3
62,1,1,0,0,0,1,0,1,0,0,0,2,0,1
63,0,1,1,0,0,1,0,0,1,0,0,2,1,1
64,0,3,1,0,0,1,1,0,0,0,0,1,5,2
65,0,1,1,1,0,0,0,0,1,0,0,2,0,2
66,1,3,1,1,0,0,1,0,0,0,0,2,2,3
67,1,2,0,0,0,1,0,0,0,1,0,2,0,3
68,0,3,1,0,0,1,0,0,1,0,0,2,0,3
69,1,3,0,0,0,1,0,1,0,0,0,1,6,3
70,0,3,1,0,0,1,0,0,1,0,0,2,2,3
71,0,2,1,0,0,1,0,0,1,0,0,2,0,3
72,0,3,0,0,0,1,0,1,0,0,0,1,7,2
73,0,2,1,0,0,1,0,0,1,0,0,2,0,1
74,0,3,1,1,0,0,0,0,1,0,0,2,1,3
75,1,3,1,0,0,1,0,0,1,0,0,2,0,2
76,0,3,1,0,0,1,0,0,1,0,0,2,0,3
77,0,3,1,0,0,1,0,0,1,0,0,2,0,3
78,0,3,1,0,0,1,0,0,1,0,0,2,0,3
79,1,2,1,0,0,1,1,0,0,0,0,1,2,2
80,1,3,0,0,0,1,0,1,0,0,0,2,0,3
81,0,3,1,0,0,1,0,0,1,0,0,2,0,3
82,1,3,1,0,0,1,0,0,1,0,0,2,0,3
83,1,3,0,0,1,0,0,1,0,0,0,2,0,3
84,0,1,1,0,0,1,0,0,1,0,0,2,0,2
85,1,2,0,0,0,1,0,1,0,0,0,1,0,3
86,1,3,0,0,0,1,0,0,0,1,0,2,3,3
87,0,3,1,0,0,1,0,0,1,0,0,1,4,2
88,0,3,1,0,0,1,0,0,1,0,0,2,0,3
89,1,1,0,0,0,1,0,1,0,0,0,2,5,1
90,0,3,1,0,0,1,0,0,1,0,0,2,0,3
91,0,3,1,0,0,1,0,0,1,0,0,2,0,3
92,0,3,1,0,0,1,0,0,1,0,0,2,0,3
93,0,1,1,0,0,1,0,0,1,0,0,2,1,2
94,0,3,1,0,0,1,0,0,1,0,0,2,3,2
95,0,3,1,0,0,1,0,0,1,0,0,3,0,3
96,0,3,1,0,0,1,0,0,1,0,0,2,0,3
97,0,1,1,1,0,0,0,0,1,0,0,3,0,2
98,1,1,1,1,0,0,0,0,1,0,0,2,1,2
99,1,2,0,0,0,1,0,0,0,1,0,2,1,2
100,0,2,1,0,0,1,0,0,1,0,0,2,1,2
101,0,3,0,0,0,1,0,1,0,0,0,2,0,3
102,0,3,1,0,0,1,0,0,1,0,0,2,0,3
103,0,1,1,0,0,1,0,0,1,0,0,2,1,1
104,0,3,1,0,0,1,0,0,1,0,0,2,0,3
105,0,3,1,0,0,1,0,0,1,0,0,2,2,3
106,0,3,1,0,0,1,0,0,1,0,0,2,0,3
107,1,3,0,0,0,1,0,1,0,0,0,2,0,3
108,1,3,1,0,0,1,0,0,1,0,0,2,0,3
109,0,3,1,0,0,1,0,0,1,0,0,2,0,3
110,1,3,0,0,1,0,0,1,0,0,0,2,1,2
111,0,1,1,0,0,1,0,0,1,0,0,2,0,2
112,0,3,0,1,0,0,0,1,0,0,0,1,1,3
113,0,3,1,0,0,1,0,0,1,0,0,2,0,3
114,0,3,0,0,0,1,0,1,0,0,0,2,1,3
115,0,3,0,1,0,0,0,1,0,0,0,1,0,3
116,0,3,1,0,0,1,0,0,1,0,0,2,0,3
117,0,3,1,0,1,0,0,0,1,0,0,3,0,3
118,0,2,1,0,0,1,0,0,1,0,0,2,1,2
119,0,1,1,1,0,0,0,0,1,0,0,2,1,1
120,0,3,0,0,0,1,0,1,0,0,0,1,6,2
121,0,2,1,0,0,1,0,0,1,0,0,2,2,1
122,0,3,1,0,0,1,0,0,1,0,0,2,0,3
123,0,2,1,1,0,0,0,0,1,0,0,2,1,2
124,1,2,0,0,0,1,0,1,0,0,0,2,0,3
125,0,1,1,0,0,1,0,0,1,0,0,2,1,1
126,1,3,1,1,0,0,1,0,0,0,0,1,1,3
127,0,3,1,0,1,0,0,0,1,0,0,2,0,3
128,1,3,1,0,0,1,0,0,1,0,0,2,0,3
129,1,3,0,1,0,0,0,1,0,0,0,2,2,2
130,0,3,1,0,0,1,0,0,1,0,0,2,0,3
131,0,3,1,1,0,0,0,0,1,0,0,2,0,3
132,0,3,1,0,0,1,0,0,1,0,0,2,0,3
133,0,3,0,0,0,1,0,0,0,1,0,2,1,3
134,1,2,0,0,0,1,0,0,0,1,0,2,1,2
135,0,2,1,0,0,1,0,0,1,0,0,2,0,3
136,0,2,1,1,0,0,0,0,1,0,0,2,0,3
137,1,1,0,0,0,1,0,1,0,0,0,2,2,2
138,0,1,1,0,0,1,0,0,1,0,0,2,1,2
139,0,3,1,0,0,1,0,0,1,0,0,1,0,3
140,0,1,1,1,0,0,0,0,1,0,0,2,0,1
141,0,3,0,1,0,0,0,0,0,1,0,2,2,3
142,1,3,0,0,0,1,0,1,0,0,0,2,0,3
143,1,3,0,0,0,1,0,0,0,1,0,2,1,3
144,0,3,1,0,1,0,0,0,1,0,0,2,0,3
145,0,2,1,0,0,1,0,0,1,0,0,2,0,3
146,0,2,1,0,0,1,0,0,1,0,0,2,2,2
147,1,3,1,0,0,1,0,0,1,0,0,2,0,3
148,0,3,0,0,0,1,0,1,0,0,0,1,4,2
149,0,2,1,0,0,1,0,0,1,0,0,2,2,2
150,0,2,1,0,0,1,0,0,0,0,1,2,0,3
151,0,2,1,0,0,1,0,0,0,0,1,2,0,3
152,1,1,0,0,0,1,0,0,0,1,0,2,1,2
153,0,3,1,0,0,1,0,0,1,0,0,3,0,3
154,0,3,1,0,0,1,0,0,1,0,0,2,2,3
155,0,3,1,0,0,1,0,0,1,0,0,2,0,3
156,0,1,1,1,0,0,0,0,1,0,0,2,1,2
157,1,3,0,0,1,0,0,1,0,0,0,1,0,3
158,0,3,1,0,0,1,0,0,1,0,0,2,0,3
159,0,3,1,0,0,1,0,0,1,0,0,2,0,3
160,0,3,1,0,0,1,1,0,0,0,0,2,10,2
161,0,3,1,0,0,1,0,0,1,0,0,2,1,3
162,1,2,0,0,0,1,0,0,0,1,0,2,0,3
163,0,3,1,0,0,1,0,0,1,0,0,2,0,3
164,0,3,1,0,0,1,0,0,1,0,0,1,0,3
165,0,3,1,0,0,1,1,0,0,0,0,1,5,2
166,1,3,1,0,0,1,1,0,0,0,0,1,2,2
167,1,1,0,0,0,1,0,0,0,1,0,2,1,2
168,0,3,0,0,0,1,0,0,0,1,0,2,5,2
169,0,1,1,0,0,1,0,0,1,0,0,2,0,2
170,0,3,1,0,0,1,0,0,1,0,0,2,0,2
171,0,1,1,0,0,1,0,0,1,0,0,3,0,2
172,0,3,1,0,1,0,1,0,0,0,0,1,5,2
173,1,3,0,0,0,1,0,1,0,0,0,1,2,3
174,0,3,1,0,0,1,0,0,1,0,0,2,0,3
175,0,1,1,1,0,0,0,0,1,0,0,3,0,2
176,0,3,1,0,0,1,0,0,1,0,0,2,2,3
177,0,3,1,0,0,1,1,0,0,0,0,2,4,2
178,0,1,0,1,0,0,0,1,0,0,0,2,0,2
179,0,2,1,0,0,1,0,0,1,0,0,2,0,3
180,0,3,1,0,0,1,0,0,1,0,0,2,0,0
181,0,3,0,0,0,1,0,1,0,0,0,2,10,2
182,0,2,1,1,0,0,0,0,1,0,0,2,0,3
183,0,3,1,0,0,1,1,0,0,0,0,1,6,2
184,1,2,1,0,0,1,1,0,0,0,0,1,3,2
185,1,3,0,0,0,1,0,1,0,0,0,1,2,2
186,0,1,1,0,0,1,0,0,1,0,0,2,0,2
187,1,3,0,0,1,0,0,0,0,1,0,2,1,3
188,1,1,1,0,0,1,0,0,1,0,0,2,0,2
189,0,3,1,0,1,0,0,0,1,0,0,2,2,3
190,0,3,1,0,0,1,0,0,1,0,0,2,0,3
191,1,2,0,0,0,1,0,0,0,1,0,2,0,3
192,0,2,1,0,0,1,0,0,1,0,0,2,0,3
193,1,3,0,0,0,1,0,1,0,0,0,2,1,3
194,1,2,1,0,0,1,1,0,0,0,0,1,2,2
195,1,1,0,1,0,0,0,0,0,1,0,2,0,2
196,1,1,0,1,0,0,0,1,0,0,0,3,0,1
197,0,3,1,0,1,0,0,0,1,0,0,2,0,3
198,0,3,1,0,0,1,0,0,1,0,0,2,1,3
199,1,3,0,0,1,0,0,1,0,0,0,2,0,3
200,0,2,0,0,0,1,0,1,0,0,0,2,0,3
201,0,3,1,0,0,1,0,0,1,0,0,2,0,3
202,0,3,1,0,0,1,0,0,1,0,0,2,10,2
203,0,3,1,0,0,1,0,0,1,0,0,2,0,3
204,0,3,1,1,0,0,0,0,1,0,0,2,0,3
205,1,3,1,0,0,1,0,0,1,0,0,2,0,3
206,0,3,0,0,0,1,0,1,0,0,0,1,1,3
207,0,3,1,0,0,1,0,0,1,0,0,2,1,3
208,1,3,1,1,0,0,0,0,1,0,0,2,0,2
209,1,3,0,0,1,0,0,1,0,0,0,1,0,3
210,1,1,1,1,0,0,0,0,1,0,0,2,0,2
211,0,3,1,0,0,1,0,0,1,0,0,2,0,3
212,1,2,0,0,0,1,0,1,0,0,0,2,0,2
213,0,3,1,0,0,1,0,0,1,0,0,2,0,3
214,0,2,1,0,0,1,0,0,1,0,0,2,0,3
215,0,3,1,0,1,0,0,0,1,0,0,2,1,3
216,1,1,0,1,0,0,0,1,0,0,0,2,1,1
217,1,3,0,0,0,1,0,1,0,0,0,2,0,3
218,0,2,1,0,0,1,0,0,1,0,0,2,1,2
219,1,1,0,1,0,0,0,1,0,0,0,2,0,1
220,0,2,1,0,0,1,0,0,1,0,0,2,0,3
221,1,3,1,0,0,1,0,0,1,0,0,1,0,3
222,0,2,1,0,0,1,0,0,1,0,0,2,0,3
223,0,3,1,0,0,1,0,0,1,0,0,2,0,3
224,0,3,1,0,0,1,0,0,1,0,0,2,0,3
225,1,1,1,0,0,1,0,0,1,0,0,2,1,1
226,0,3,1,0,0,1,0,0,1,0,0,2,0,3
227,1,2,1,0,0,1,0,0,1,0,0,2,0,3
228,0,3,1,0,0,1,0,0,1,0,0,2,0,3
229,0,2,1,0,0,1,0,0,1,0,0,2,0,3
230,0,3,0,0,0,1,0,1,0,0,0,2,4,2
231,1,1,0,0,0,1,0,0,0,1,0,2,1,1
232,0,3,1,0,0,1,0,0,1,0,0,2,0,3
233,0,2,1,0,0,1,0,0,1,0,0,3,0,3
234,1,3,0,0,0,1,0,1,0,0,0,1,6,2
235,0,2,1,0,0,1,0,0,1,0,0,2,0,3
236,0,3,0,0,0,1,0,1,0,0,0,2,0,3
237,0,2,1,0,0,1,0,0,1,0,0,2,1,2
238,1,2,0,0,0,1,0,1,0,0,0,1,2,2
239,0,2,1,0,0,1,0,0,1,0,0,2,0,3
240,0,2,1,0,0,1,0,0,1,0,0,2,0,3
241,0,3,0,1,0,0,0,1,0,0,0,2,1,3
242,1,3,0,0,1,0,0,1,0,0,0,2,1,3
243,0,2,1,0,0,1,0,0,1,0,0,2,0,3
244,0,3,1,0,0,1,0,0,1,0,0,2,0,3
245,0,3,1,1,0,0,0,0,1,0,0,2,0,3
246,0,1,1,0,1,0,0,0,0,0,1,2,2,1
247,0,3,0,0,0,1,0,1,0,0,0,2,0,3
248,1,2,0,0,0,1,0,0,0,1,0,2,2,3
249,1,1,1,0,0,1,0,0,1,0,0,2,2,2
250,0,2,1,0,0,1,0,0,0,0,1,2,1,2
251,0,3,1,0,0,1,0,0,1,0,0,2,0,3
252,0,3,0,0,0,1,0,0,0,1,0,2,2,3
253,0,1,1,0,0,1,0,0,1,0,0,3,0,2
254,0,3,1,0,0,1,0,0,1,0,0,2,1,3
255,0,3,0,0,0,1,0,0,0,1,0,2,2,2
256,1,3,0,1,0,0,0,0,0,1,0,2,2,3
257,1,1,0,1,0,0,0,0,0,1,0,2,0,1
258,1,1,0,0,0,1,0,1,0,0,0,2,0,1
259,1,1,0,1,0,0,0,1,0,0,0,2,0,1
260,1,2,0,0,0,1,0,0,0,1,0,2,1,2
261,0,3,1,0,1,0,0,0,1,0,0,2,0,3
262,1,3,1,0,0,1,1,0,0,0,0,1,6,2
263,0,1,1,0,0,1,0,0,1,0,0,2,2,1
264,0,1,1,0,0,1,0,0,1,0,0,2,0,0
265,0,3,0,0,1,0,0,1,0,0,0,2,0,3
266,0,2,1,0,0,1,0,0,1,0,0,2,0,3
267,0,3,1,0,0,1,0,0,1,0,0,1,5,2
268,1,3,1,0,0,1,0,0,1,0,0,2,1,3
269,1,1,0,0,0,1,0,0,0,1,0,3,1,1
270,1,1,0,0,0,1,0,1,0,0,0,2,0,1
271,0,1,1,0,0,1,0,0,1,0,0,2,0,2
272,1,3,1,0,0,1,0,0,1,0,0,2,0,0
273,1,2,0,0,0,1,0,0,0,1,0,2,1,2
274,0,1,1,1,0,0,0,0,1,0,0,2,1,2
275,1,3,0,0,1,0,0,1,0,0,0,2,0,3
276,1,1,0,0,0,1,0,1,0,0,0,3,1,1
277,0,3,0,0,0,1,0,1,0,0,0,2,0,3
278,0,2,1,0,0,1,0,0,1,0,0,2,0,0
279,0,3,1,0,1,0,1,0,0,0,0,1,5,2
280,1,3,0,0,0,1,0,0,0,1,0,2,2,2
281,0,3,1,0,1,0,0,0,1,0,0,3,0,3
282,0,3,1,0,0,1,0,0,1,0,0,2,0,3
283,0,3,1,0,0,1,0,0,1,0,0,1,0,3
284,1,3,1,0,0,1,0,0,1,0,0,2,0,3
285,0,1,1,0,0,1,0,0,1,0,0,2,0,2
286,0,3,1,1,0,0,0,0,1,0,0,2,0,3
287,1,3,1,0,0,1,0,0,1,0,0,2,0,3
288,0,3,1,0,0,1,0,0,1,0,0,2,0,3
289,1,2,1,0,0,1,0,0,1,0,0,2,0,3
290,1,3,0,0,1,0,0,1,0,0,0,2,0,3
291,1,1,0,0,0,1,0,1,0,0,0,2,0,1
292,1,1,0,1,0,0,0,0,0,1,0,2,1,1
293,0,2,1,1,0,0,0,0,1,0,0,2,0,3
294,0,3,0,0,0,1,0,1,0,0,0,2,0,3
295,0,3,1,0,0,1,0,0,1,0,0,2,0,3
296,0,1,1,1,0,0,0,0,1,0,0,2,0,2
297,0,3,1,1,0,0,0,0,1,0,0,2,0,3
298,0,1,0,0,0,1,0,1,0,0,0,1,3,1
299,1,1,1,0,0,1,0,0,1,0,0,2,0,2
300,1,1,0,1,0,0,0,0,0,1,0,2,1,1
301,1,3,0,0,1,0,0,1,0,0,0,2,0,3
302,1,3,1,0,1,0,0,0,1,0,0,2,2,2
303,0,3,1,0,0,1,0,0,1,0,0,2,0,0
304,1,2,0,0,1,0,0,1,0,0,0,2,0,3
305,0,3,1,0,0,1,0,0,1,0,0,2,0,3
306,1,1,1,0,0,1,1,0,0,0,0,1,3,1
307,1,1,0,1,0,0,0,1,0,0,0,2,0,1
308,1,1,0,1,0,0,0,0,0,1,0,1,1,1
309,0,2,1,1,0,0,0,0,1,0,0,2,1,2
310,1,1,0,1,0,0,0,1,0,0,0,2,0,2
311,1,1,0,1,0,0,0,1,0,0,0,2,0,1
312,1,1,0,1,0,0,0,1,0,0,0,2,4,1
313,0,2,0,0,0,1,0,0,0,1,0,2,2,2
314,0,3,1,0,0,1,0,0,1,0,0,2,0,3
315,0,2,1,0,0,1,0,0,1,0,0,2,2,2
316,1,3,0,0,0,1,0,1,0,0,0,2,0,3
317,1,2,0,0,0,1,0,0,0,1,0,2,1,2
318,0,2,1,0,0,1,0,0,0,0,1,2,0,3
319,1,1,0,0,0,1,0,1,0,0,0,2,2,1
320,1,1,0,1,0,0,0,0,0,1,0,2,2,1
321,0,3,1,0,0,1,0,0,1,0,0,2,0,3
322,0,3,1,0,0,1,0,0,1,0,0,2,0,3
323,1,2,0,0,1,0,0,1,0,0,0,2,0,3
324,1,2,0,0,0,1,0,0,0,1,0,2,2,2
325,0,3,1,0,0,1,0,0,1,0,0,2,10,2
326,1,1,0,1,0,0,0,1,0,0,0,2,0,1
327,0,3,1,0,0,1,0,0,1,0,0,3,0,3
328,1,2,0,0,0,1,0,0,0,1,0,2,0,3
329,1,3,0,0,0,1,0,0,0,1,0,2,2,2
330,1,1,0,1,0,0,0,1,0,0,0,1,1,2
331,1,3,0,0,1,0,0,1,0,0,0,2,2,2
332,0,1,1,0,0,1,0,0,1,0,0,2,0,2
333,0,1,1,0,0,1,0,0,1,0,0,2,1,1
334,0,3,1,0,0,1,0,0,1,0,0,1,2,3
335,1,1,0,0,0,1,0,0,0,1,0,2,1,1
336,0,3,1,0,0,1,0,0,1,0,0,2,0,3
337,0,1,1,0,0,1,0,0,1,0,0,2,1,2
338,1,1,0,1,0,0,0,1,0,0,0,2,0,1
339,1,3,1,0,0,1,0,0,1,0,0,2,0,3
340,0,1,1,0,0,1,0,0,1,0,0,2,0,2
341,1,2,1,0,0,1,1,0,0,0,0,1,2,2
342,1,1,0,0,0,1,0,1,0,0,0,2,5,1
343,0,2,1,0,0,1,0,0,1,0,0,2,0,3
344,0,2,1,0,0,1,0,0,1,0,0,2,0,3
345,0,2,1,0,0,1,0,0,1,0,0,2,0,3
346,1,2,0,0,0,1,0,1,0,0,0,2,0,3
347,1,2,0,0,0,1,0,1,0,0,0,2,0,3
348,1,3,0,0,0,1,0,0,0,1,0,2,1,3
349,1,3,1,0,0,1,1,0,0,0,0,1,2,3
350,0,3,1,0,0,1,0,0,1,0,0,2,0,3
351,0,3,1,0,0,1,0,0,1,0,0,2,0,3
352,0,1,1,0,0,1,0,0,1,0,0,2,0,2
353,0,3,1,1,0,0,0,0,1,0,0,1,2,3
354,0,3,1,0,0,1,0,0,1,0,0,2,1,3
355,0,3,1,1,0,0,0,0,1,0,0,2,0,3
356,0,3,1,0,0,1,0,0,1,0,0,2,0,3
357,1,1,0,0,0,1,0,1,0,0,0,2,1,2
358,0,2,0,0,0,1,0,1,0,0,0,2,0,3
359,1,3,0,0,1,0,0,1,0,0,0,2,0,3
360,1,3,0,0,1,0,0,1,0,0,0,2,0,3
361,0,3,1,0,0,1,0,0,1,0,0,2,5,2
362,0,2,1,1,0,0,0,0,1,0,0,2,1,2
363,0,3,0,1,0,0,0,0,0,1,0,2,1,3
364,0,3,1,0,0,1,0,0,1,0,0,2,0,3
365,0,3,1,0,1,0,0,0,1,0,0,2,1,3
366,0,3,1,0,0,1,0,0,1,0,0,2,0,3
367,1,1,0,1,0,0,0,0,0,1,0,3,1,1
368,1,3,0,1,0,0,0,0,0,1,0,2,0,3
369,1,3,0,0,1,0,0,1,0,0,0,2,0,3
370,1,1,0,1,0,0,0,0,0,0,1,2,0,2
371,1,1,1,1,0,0,0,0,1,0,0,2,1,2
372,0,3,1,0,0,1,0,0,1,0,0,2,1,3
373,0,3,1,0,0,1,0,0,1,0,0,2,0,3
374,0,1,1,1,0,0,0,0,1,0,0,2,0,1
375,0,3,0,0,0,1,0,1,0,0,0,1,4,2
376,1,1,0,1,0,0,0,0,0,1,0,2,1,1
377,1,3,0,0,0,1,0,1,0,0,0,2,0,3
378,0,1,1,1,0,0,0,0,1,0,0,2,2,1
379,0,3,1,1,0,0,0,0,1,0,0,2,0,3
380,0,3,1,0,0,1,0,0,1,0,0,2,0,3
381,1,1,0,1,0,0,0,1,0,0,0,2,0,1
382,1,3,0,1,0,0,0,1,0,0,0,1,2,3
383,0,3,1,0,0,1,0,0,1,0,0,2,0,3
384,1,1,0,0,0,1,0,0,0,1,0,2,1,2
385,0,3,1,0,0,1,0,0,1,0,0,2,0,3
386,0,2,1,0,0,1,0,0,1,0,0,2,0,1
387,0,3,1,0,0,1,1,0,0,0,0,1,7,2
388,1,2,0,0,0,1,0,1,0,0,0,2,0,3
389,0,3,1,0,1,0,0,0,1,0,0,2,0,3
390,1,2,0,1,0,0,0,1,0,0,0,1,0,3
391,1,1,1,0,0,1,0,0,1,0,0,2,3,1
392,1,3,1,0,0,1,0,0,1,0,0,2,0,3
393,0,3,1,0,0,1,0,0,1,0,0,2,2,3
394,1,1,0,1,0,0,0,1,0,0,0,2,1,1
395,1,3,0,0,0,1,0,0,0,1,0,2,2,3
396,0,3,1,0,0,1,0,0,1,0,0,2,0,3
397,0,3,0,0,0,1,0,1,0,0,0,2,0,3
398,0,2,1,0,0,1,0,0,1,0,0,2,0,2
399,0,2,1,0,0,1,0,0,0,0,1,2,0,3
400,1,2,0,0,0,1,0,0,0,1,0,2,0,3
401,1,3,1,0,0,1,0,0,1,0,0,2,0,3
402,0,3,1,0,0,1,0,0,1,0,0,2,0,3
403,0,3,0,0,0,1,0,1,0,0,0,2,1,3
404,0,3,1,0,0,1,0,0,1,0,0,2,1,3
405,0,3,0,0,0,1,0,1,0,0,0,2,0,3
406,0,2,1,0,0,1,0,0,1,0,0,2,1,2
407,0,3,1,0,0,1,0,0,1,0,0,2,0,3
408,1,2,1,0,0,1,1,0,0,0,0,1,2,2
409,0,3,1,0,0,1,0,0,1,0,0,2,0,3
410,0,3,0,0,0,1,0,1,0,0,0,2,4,2
411,0,3,1,0,0,1,0,0,1,0,0,2,0,3
412,0,3,1,0,1,0,0,0,1,0,0,2,0,3
413,1,1,0,0,1,0,0,1,0,0,0,2,1,1
414,0,2,1,0,0,1,0,0,1,0,0,2,0,0
415,1,3,1,0,0,1,0,0,1,0,0,2,0,3
416,0,3,0,0,0,1,0,0,0,1,0,2,0,3
417,1,2,0,0,0,1,0,0,0,1,0,2,2,2
418,1,2,0,0,0,1,0,1,0,0,0,2,2,3
419,0,2,1,0,0,1,0,0,1,0,0,2,0,3
420,0,3,0,0,0,1,0,1,0,0,0,1,2,2
421,0,3,1,1,0,0,0,0,1,0,0,2,0,3
422,0,3,1,0,1,0,0,0,1,0,0,2,0,3
423,0,3,1,0,0,1,0,0,1,0,0,2,0,3
424,0,3,0,0,0,1,0,0,0,1,0,2,2,3
425,0,3,1,0,0,1,0,0,1,0,0,2,2,2
426,0,3,1,0,0,1,0,0,1,0,0,2,0,3
427,1,2,0,0,0,1,0,0,0,1,0,2,1,2
428,1,2,0,0,0,1,0,1,0,0,0,2,0,2
429,0,3,1,0,1,0,0,0,1,0,0,2,0,3
430,1,3,1,0,0,1,0,0,1,0,0,2,0,3
431,1,1,1,0,0,1,0,0,1,0,0,2,0,2
432,1,3,0,0,0,1,0,0,0,1,0,2,1,3
433,1,2,0,0,0,1,0,0,0,1,0,2,1,2
434,0,3,1,0,0,1,0,0,1,0,0,1,0,3
435,0,1,1,0,0,1,0,0,1,0,0,2,1,2
436,1,1,0,0,0,1,0,1,0,0,0,1,3,1
437,0,3,0,0,0,1,0,1,0,0,0,2,4,2
438,1,2,0,0,0,1,0,0,0,1,0,2,5,2
439,0,1,1,0,0,1,0,0,1,0,0,3,5,1
440,0,2,1,0,0,1,0,0,1,0,0,2,0,3
441,1,2,0,0,0,1,0,0,0,1,0,2,2,2
442,0,3,1,0,0,1,0,0,1,0,0,2,0,3
443,0,3,1,0,0,1,0,0,1,0,0,2,1,3
444,1,2,0,0,0,1,0,0,0,0,1,2,0,3
445,1,3,1,0,0,1,0,0,1,0,0,2,0,3
446,1,1,1,0,0,1,1,0,0,0,0,1,2,1
447,1,2,0,0,0,1,0,1,0,0,0,1,1,2
448,1,1,1,0,0,1,0,0,1,0,0,2,0,2
449,1,3,0,1,0,0,0,1,0,0,0,1,3,2
450,1,1,1,0,0,1,0,0,0,0,1,2,0,2
451,0,2,1,0,0,1,0,0,1,0,0,2,3,2
452,0,3,1,0,0,1,0,0,1,0,0,2,1,2
453,0,1,1,1,0,0,0,0,1,0,0,2,0,2
454,1,1,1,1,0,0,0,0,1,0,0,2,1,1
455,0,3,1,0,0,1,0,0,1,0,0,2,0,3
456,1,3,1,1,0,0,0,0,1,0,0,2,0,3
457,0,1,1,0,0,1,0,0,1,0,0,3,0,2
458,1,1,0,0,0,1,0,0,0,1,0,2,1,2
459,1,2,0,0,0,1,0,1,0,0,0,2,0,3
460,0,3,1,0,1,0,0,0,1,0,0,2,0,3
461,1,1,1,0,0,1,0,0,1,0,0,2,0,2
462,0,3,1,0,0,1,0,0,1,0,0,2,0,3
463,0,1,1,0,0,1,0,0,1,0,0,2,0,2
464,0,2,1,0,0,1,0,0,1,0,0,2,0,3
465,0,3,1,0,0,1,0,0,1,0,0,2,0,3
466,0,3,1,0,0,1,0,0,1,0,0,2,0,3
467,0,2,1,0,0,1,0,0,1,0,0,2,0,0
468,0,1,1,0,0,1,0,0,1,0,0,3,0,2
469,0,3,1,0,1,0,0,0,1,0,0,2,0,3
470,1,3,0,1,0,0,0,1,0,0,0,1,3,2
471,0,3,1,0,0,1,0,0,1,0,0,2,0,3
472,0,3,1,0,0,1,0,0,1,0,0,2,0,3
473,1,2,0,0,0,1,0,0,0,1,0,2,3,2
474,1,2,0,1,0,0,0,0,0,1,0,2,0,3
475,0,3,0,0,0,1,0,1,0,0,0,2,0,3
476,0,1,1,0,0,1,0,0,1,0,0,2,0,2
477,0,2,1,0,0,1,0,0,1,0,0,2,1,2
478,0,3,1,0,0,1,0,0,1,0,0,2,1,3
479,0,3,1,0,0,1,0,0,1,0,0,2,0,3
480,1,3,0,0,0,1,0,1,0,0,0,1,1,3
481,0,3,1,0,0,1,1,0,0,0,0,1,7,2
482,0,2,1,0,0,1,0,0,1,0,0,2,0,0
483,0,3,1,0,0,1,0,0,1,0,0,2,0,3
484,1,3,0,0,0,1,0,0,0,1,0,3,0,3
485,1,1,1,1,0,0,0,0,1,0,0,2,1,1
486,0,3,0,0,0,1,0,1,0,0,0,2,4,2
487,1,1,0,0,0,1,0,0,0,1,0,2,1,1
488,0,1,1,1,0,0,0,0,1,0,0,3,0,2
489,0,3,1,0,0,1,0,0,1,0,0,2,0,3
490,1,3,1,0,0,1,1,0,0,0,0,1,2,3
491,0,3,1,0,0,1,0,0,1,0,0,2,1,2
492,0,3,1,0,0,1,0,0,1,0,0,2,0,3
493,0,1,1,0,0,1,0,0,1,0,0,3,0,2
494,0,1,1,1,0,0,0,0,1,0,0,3,0,2
495,0,3,1,0,0,1,0,0,1,0,0,2,0,3
496,0,3,1,1,0,0,0,0,1,0,0,2,0,3
497,1,1,0,1,0,0,0,1,0,0,0,2,1,1
498,0,3,1,0,0,1,0,0,1,0,0,2,0,3
499,0,1,0,0,0,1,0,0,0,1,0,2,3,1
500,0,3,1,0,0,1,0,0,1,0,0,2,0,3
501,0,3,1,0,0,1,0,0,1,0,0,1,0,3
502,0,3,0,0,1,0,0,1,0,0,0,2,0,3
503,0,3,0,0,1,0,0,1,0,0,0,2,0,3
504,0,3,0,0,0,1,0,1,0,0,0,2,0,3
505,1,1,0,0,0,1,0,1,0,0,0,1,0,1
506,0,1,1,1,0,0,0,0,1,0,0,2,1,1
507,1,2,0,0,0,1,0,0,0,1,0,2,2,2
508,1,1,1,0,0,1,0,0,1,0,0,2,0,2
509,0,3,1,0,0,1,0,0,1,0,0,2,0,2
510,1,3,1,0,0,1,0,0,1,0,0,2,0,2
511,1,3,1,0,1,0,0,0,1,0,0,2,0,3
512,0,3,1,0,0,1,0,0,1,0,0,2,0,3
513,1,1,1,0,0,1,0,0,1,0,0,2,0,2
514,1,1,0,1,0,0,0,0,0,1,0,2,1,2
515,0,3,1,0,0,1,0,0,1,0,0,2,0,3
516,0,1,1,0,0,1,0,0,1,0,0,2,0,2
517,1,2,0,0,0,1,0,0,0,1,0,2,0,3
518,0,3,1,0,1,0,0,0,1,0,0,2,0,2
519,1,2,0,0,0,1,0,0,0,1,0,2,1,2
520,0,3,1,0,0,1,0,0,1,0,0,2,0,3
521,1,1,0,0,0,1,0,1,0,0,0,2,0,1
522,0,3,1,0,0,1,0,0,1,0,0,2,0,3
523,0,3,1,1,0,0,0,0,1,0,0,2,0,3
524,1,1,0,1,0,0,0,0,0,1,0,2,1,2
525,0,3,1,1,0,0,0,0,1,0,0,2,0,3
526,0,3,1,0,1,0,0,0,1,0,0,2,0,3
527,1,2,0,0,0,1,0,1,0,0,0,2,0,3
528,0,1,1,0,0,1,0,0,1,0,0,2,0,1
529,0,3,1,0,0,1,0,0,1,0,0,2,0,3
530,0,2,1,0,0,1,0,0,1,0,0,2,3,3
531,1,2,0,0,0,1,0,1,0,0,0,1,2,2
532,0,3,1,1,0,0,0,0,1,0,0,2,0,3
533,0,3,1,1,0,0,0,0,1,0,0,1,2,3
534,1,3,0,1,0,0,0,0,0,1,0,2,2,2
535,0,3,0,0,0,1,0,1,0,0,0,2,0,3
536,1,2,0,0,0,1,0,1,0,0,0,1,2,2
537,0,1,1,0,0,1,0,0,0,0,1,2,0,2
538,1,1,0,1,0,0,0,1,0,0,0,2,0,1
539,0,3,1,0,0,1,0,0,1,0,0,2,0,3
540,1,1,0,1,0,0,0,1,0,0,0,2,2,2
541,1,1,0,0,0,1,0,1,0,0,0,2,2,2
542,0,3,0,0,0,1,0,1,0,0,0,1,6,2
543,0,3,0,0,0,1,0,1,0,0,0,1,6,2
544,1,2,1,0,0,1,0,0,1,0,0,2,1,2
545,0,1,1,1,0,0,0,0,1,0,0,2,1,1
546,0,1,1,0,0,1,0,0,1,0,0,3,0,2
547,1,2,0,0,0,1,0,0,0,1,0,2,1,2
548,1,2,1,1,0,0,0,0,1,0,0,2,0,3
549,0,3,1,0,0,1,0,0,1,0,0,2,2,2
550,1,2,1,0,0,1,1,0,0,0,0,1,2,2
551,1,1,1,1,0,0,0,0,1,0,0,1,2,1
552,0,2,1,0,0,1,0,0,1,0,0,2,0,2
553,0,3,1,0,1,0,0,0,1,0,0,2,0,3
554,1,3,1,1,0,0,0,0,1,0,0,2,0,3
555,1,3,0,0,0,1,0,1,0,0,0,2,0,3
556,0,1,1,0,0,1,0,0,1,0,0,3,0,2
557,1,1,0,1,0,0,0,0,0,0,1,2,1,2
558,0,1,1,1,0,0,0,0,1,0,0,2,0,1
559,1,1,0,0,0,1,0,0,0,1,0,2,2,1
560,1,3,0,0,0,1,0,0,0,1,0,2,1,3
561,0,3,1,0,1,0,0,0,1,0,0,2,0,3
562,0,3,1,0,0,1,0,0,1,0,0,2,0,3
563,0,2,1,0,0,1,0,0,1,0,0,2,0,3
564,0,3,1,0,0,1,0,0,1,0,0,2,0,3
565,0,3,0,0,0,1,0,1,0,0,0,2,0,3
566,0,3,1,0,0,1,0,0,1,0,0,2,2,2
567,0,3,1,0,0,1,0,0,1,0,0,2,0,3
568,0,3,0,0,0,1,0,0,0,1,0,2,4,2
569,0,3,1,1,0,0,0,0,1,0,0,2,0,3
570,1,3,1,0,0,1,0,0,1,0,0,2,0,3
571,1,2,1,0,0,1,0,0,1,0,0,3,0,3
572,1,1,0,0,0,1,0,0,0,1,0,2,2,2
573,1,1,1,0,0,1,0,0,1,0,0,2,0,2
574,1,3,0,0,1,0,0,1,0,0,0,2,0,3
575,0,3,1,0,0,1,0,0,1,0,0,1,0,3
576,0,3,1,0,0,1,0,0,1,0,0,2,0,3
577,1,2,0,0,0,1,0,1,0,0,0,2,0,3
578,1,1,0,0,0,1,0,0,0,1,0,2,1,2
579,0,3,0,1,0,0,0,0,0,1,0,2,1,3
580,1,3,1,0,0,1,0,0,1,0,0,2,0,3
581,1,2,0,0,0,1,0,1,0,0,0,2,2,2
582,1,1,0,1,0,0,0,0,0,1,0,2,2,1
583,0,2,1,0,0,1,0,0,1,0,0,2,0,2
584,0,1,1,1,0,0,0,0,1,0,0,2,0,2
585,0,3,1,1,0,0,0,0,1,0,0,2,0,3
586,1,1,0,0,0,1,0,1,0,0,0,2,2,1
587,0,2,1,0,0,1,0,0,1,0,0,2,0,3
588,1,1,1,1,0,0,0,0,1,0,0,3,2,1
589,0,3,1,0,0,1,0,0,1,0,0,2,0,3
590,0,3,1,0,0,1,0,0,1,0,0,2,0,3
591,0,3,1,0,0,1,0,0,1,0,0,2,0,3
592,1,1,0,1,0,0,0,0,0,1,0,2,1,1
593,0,3,1,0,0,1,0,0,1,0,0,2,0,3
594,0,3,0,0,1,0,0,1,0,0,0,2,2,3
595,0,2,1,0,0,1,0,0,1,0,0,2,1,2
596,0,3,1,0,0,1,0,0,1,0,0,2,2,2
597,1,2,0,0,0,1,0,1,0,0,0,2,0,2
598,0,3,1,0,0,1,0,0,1,0,0,2,0,0
599,0,3,1,1,0,0,0,0,1,0,0,2,0,3
600,1,1,1,1,0,0,0,0,0,0,1,2,1,2
601,1,2,0,0,0,1,0,0,0,1,0,2,3,2
602,0,3,1,0,0,1,0,0,1,0,0,2,0,3
603,0,1,1,0,0,1,0,0,1,0,0,2,0,2
604,0,3,1,0,0,1,0,0,1,0,0,2,0,3
605,1,1,1,1,0,0,0,0,1,0,0,2,0,2
606,0,3,1,0,0,1,0,0,1,0,0,2,1,3
607,0,3,1,0,0,1,0,0,1,0,0,2,0,3
608,1,1,1,0,0,1,0,0,1,0,0,2,0,2
609,1,2,0,1,0,0,0,0,0,1,0,2,3,2
610,1,1,0,0,0,1,0,1,0,0,0,2,0,1
611,0,3,0,0,0,1,0,0,0,1,0,2,6,2
612,0,3,1,0,0,1,0,0,1,0,0,2,0,3
613,1,3,0,0,1,0,0,1,0,0,0,2,1,3
614,0,3,1,0,1,0,0,0,1,0,0,2,0,3
615,0,3,1,0,0,1,0,0,1,0,0,2,0,3
616,1,2,0,0,0,1,0,1,0,0,0,2,3,2
617,0,3,1,0,0,1,0,0,1,0,0,2,2,3
618,0,3,0,0,0,1,0,0,0,1,0,2,1,3
619,1,2,0,0,0,1,0,1,0,0,0,1,3,2
620,0,2,1,0,0,1,0,0,1,0,0,2,0,3
621,0,3,1,1,0,0,0,0,1,0,0,2,1,3
622,1,1,1,0,0,1,0,0,1,0,0,2,1,2
623,1,3,1,1,0,0,0,0,1,0,0,2,2,3
624,0,3,1,0,0,1,0,0,1,0,0,2,0,3
625,0,3,1,0,0,1,0,0,1,0,0,2,0,3
626,0,1,1,0,0,1,0,0,1,0,0,3,0,2
627,0,2,1,0,1,0,0,0,0,0,1,3,0,3
628,1,1,0,0,0,1,0,1,0,0,0,2,0,1
629,0,3,1,0,0,1,0,0,1,0,0,2,0,3
630,0,3,1,0,1,0,0,0,1,0,0,2,0,3
631,1,1,1,0,0,1,0,0,1,0,0,3,0,2
632,0,3,1,0,0,1,0,0,1,0,0,2,0,3
633,1,1,1,1,0,0,0,0,0,0,1,2,0,2
634,0,1,1,0,0,1,0,0,1,0,0,2,0,0
635,0,3,0,0,0,1,0,1,0,0,0,1,5,2
636,1,2,0,0,0,1,0,1,0,0,0,2,0,3
637,0,3,1,0,0,1,0,0,1,0,0,2,0,3
638,0,2,1,0,0,1,0,0,1,0,0,2,2,2
639,0,3,0,0,0,1,0,0,0,1,0,2,5,2
640,0,3,1,0,0,1,0,0,1,0,0,2,1,3
641,0,3,1,0,0,1,0,0,1,0,0,2,0,3
642,1,1,0,1,0,0,0,0,0,0,1,2,0,2
643,0,3,0,0,0,1,0,1,0,0,0,1,5,2
644,1,3,1,0,0,1,0,0,1,0,0,2,0,2
645,1,3,0,1,0,0,0,1,0,0,0,1,3,2
646,1,1,1,1,0,0,0,0,1,0,0,2,1,1
647,0,3,1,0,0,1,0,0,1,0,0,2,0,3
648,1,1,1,1,0,0,0,0,0,0,1,3,0,2
649,0,3,1,0,0,1,0,0,1,0,0,2,0,3
650,1,3,0,0,0,1,0,1,0,0,0,2,0,3
651,0,3,1,0,0,1,0,0,1,0,0,2,0,3
652,1,2,0,0,0,1,0,1,0,0,0,2,1,2
653,0,3,1,0,0,1,0,0,1,0,0,2,0,3
654,1,3,0,0,1,0,0,1,0,0,0,2,0,3
655,0,3,0,0,1,0,0,1,0,0,0,2,0,3
656,0,2,1,0,0,1,0,0,1,0,0,2,2,1
657,0,3,1,0,0,1,0,0,1,0,0,2,0,3
658,0,3,0,0,1,0,0,0,0,1,0,2,2,3
659,0,2,1,0,0,1,0,0,1,0,0,2,0,3
660,0,1,1,1,0,0,0,0,1,0,0,3,2,1
661,1,1,1,0,0,1,0,0,0,0,1,2,2,1
662,0,3,1,1,0,0,0,0,1,0,0,2,0,3
663,0,1,1,0,0,1,0,0,1,0,0,2,0,2
664,0,3,1,0,0,1,0,0,1,0,0,2,0,3
665,1,3,1,0,0,1,0,0,1,0,0,2,1,3
666,0,2,1,0,0,1,0,0,1,0,0,2,2,1
667,0,2,1,0,0,1,0,0,1,0,0,2,0,3
668,0,3,1,0,0,1,0,0,1,0,0,2,0,3
669,0,3,1,0,0,1,0,0,1,0,0,2,0,3
670,1,1,0,0,0,1,0,0,0,1,0,2,1,2
671,1,2,0,0,0,1,0,0,0,1,0,2,2,2
672,0,1,1,0,0,1,0,0,1,0,0,2,1,2
673,0,2,1,0,0,1,0,0,1,0,0,3,0,3
674,1,2,1,0,0,1,0,0,1,0,0,2,0,3
675,0,2,1,0,0,1,0,0,1,0,0,2,0,0
676,0,3,1,0,0,1,0,0,1,0,0,2,0,3
677,0,3,1,0,0,1,0,0,1,0,0,2,0,3
678,1,3,0,0,0,1,0,1,0,0,0,2,0,3
679,0,3,0,0,0,1,0,0,0,1,0,2,7,2
680,1,1,1,1,0,0,0,0,1,0,0,2,1,1
681,0,3,0,0,1,0,0,1,0,0,0,2,0,3
682,1,1,1,1,0,0,0,0,1,0,0,2,0,1
683,0,3,1,0,0,1,0,0,1,0,0,2,0,3
684,0,3,1,0,0,1,0,0,1,0,0,1,7,2
685,0,2,1,0,0,1,0,0,1,0,0,3,2,2
686,0,2,1,1,0,0,0,0,1,0,0,2,3,2
687,0,3,1,0,0,1,0,0,1,0,0,1,5,2
688,0,3,1,0,0,1,0,0,1,0,0,2,0,3
689,0,3,1,0,0,1,0,0,1,0,0,2,0,3
690,1,1,0,0,0,1,0,1,0,0,0,1,1,1
691,1,1,1,0,0,1,0,0,1,0,0,2,1,2
692,1,3,0,1,0,0,0,1,0,0,0,1,1,3
693,1,3,1,0,0,1,0,0,1,0,0,2,0,2
694,0,3,1,1,0,0,0,0,1,0,0,2,0,3
695,0,1,1,0,0,1,0,0,0,0,1,3,0,2
696,0,2,1,0,0,1,0,0,1,0,0,2,0,3
697,0,3,1,0,0,1,0,0,1,0,0,2,0,3
698,1,3,0,0,1,0,0,1,0,0,0,2,0,3
699,0,1,1,1,0,0,0,0,1,0,0,2,2,1
700,0,3,1,0,0,1,0,0,1,0,0,2,0,3
701,1,1,0,1,0,0,0,0,0,1,0,2,1,1
702,1,1,1,0,0,1,0,0,1,0,0,2,0,2
703,0,3,0,1,0,0,0,1,0,0,0,2,1,3
704,0,3,1,0,1,0,0,0,1,0,0,2,0,3
705,0,3,1,0,0,1,0,0,1,0,0,2,1,3
706,0,2,1,0,0,1,0,0,1,0,0,2,0,2
707,1,2,0,0,0,1,0,0,0,1,0,2,0,3
708,1,1,1,0,0,1,0,0,1,0,0,2,0,2
709,1,1,0,0,0,1,0,1,0,0,0,2,0,1
710,1,3,1,1,0,0,1,0,0,0,0,2,2,3
711,1,1,0,1,0,0,0,0,0,0,1,2,0,2
712,0,1,1,0,0,1,0,0,1,0,0,2,0,2
713,1,1,1,0,0,1,0,0,1,0,0,2,1,2
714,0,3,1,0,0,1,0,0,1,0,0,2,0,3
715,0,2,1,0,0,1,0,0,1,0,0,2,0,3
716,0,3,1,0,0,1,0,0,1,0,0,2,0,3
717,1,1,0,1,0,0,0,1,0,0,0,2,0,1
718,1,2,0,0,0,1,0,1,0,0,0,2,0,3
719,0,3,1,0,1,0,0,0,1,0,0,2,0,3
720,0,3,1,0,0,1,0,0,1,0,0,2,0,3
721,1,2,0,0,0,1,0,1,0,0,0,1,1,2
722,0,3,1,0,0,1,0,0,1,0,0,1,1,3
723,0,2,1,0,0,1,0,0,1,0,0,2,0,3
724,0,2,1,0,0,1,0,0,1,0,0,2,0,3
725,1,1,1,0,0,1,0,0,1,0,0,2,1,2
726,0,3,1,0,0,1,0,0,1,0,0,2,0,3
727,1,2,0,0,0,1,0,0,0,1,0,2,3,2
728,1,3,0,0,1,0,0,1,0,0,0,2,0,3
729,0,2,1,0,0,1,0,0,1,0,0,2,1,2
730,0,3,0,0,0,1,0,1,0,0,0,2,1,3
731,1,1,0,0,0,1,0,1,0,0,0,2,0,1
732,0,3,1,1,0,0,0,0,1,0,0,1,0,2
733,0,2,1,0,0,1,0,0,1,0,0,2,0,0
734,0,2,1,0,0,1,0,0,1,0,0,2,0,3
735,0,2,1,0,0,1,0,0,1,0,0,2,0,3
736,0,3,1,0,0,1,0,0,1,0,0,2,0,3
737,0,3,0,0,0,1,0,0,0,1,0,2,4,2
738,1,1,1,1,0,0,0,0,1,0,0,2,0,1
739,0,3,1,0,0,1,0,0,1,0,0,2,0,3
740,0,3,1,0,0,1,0,0,1,0,0,2,0,3
741,1,1,1,0,0,1,0,0,1,0,0,2,0,2
742,0,1,1,0,0,1,0,0,1,0,0,2,1,1
743,1,1,0,1,0,0,0,1,0,0,0,2,4,1
744,0,3,1,0,0,1,0,0,1,0,0,2,1,3
745,1,3,1,0,0,1,0,0,1,0,0,2,0,3
746,0,1,1,0,0,1,0,0,0,0,1,3,2,2
747,0,3,1,0,0,1,0,0,1,0,0,1,2,2
748,1,2,0,0,0,1,0,1,0,0,0,2,0,3
749,0,1,1,0,0,1,0,0,1,0,0,2,1,2
750,0,3,1,0,1,0,0,0,1,0,0,2,0,3
751,1,2,0,0,0,1,0,1,0,0,0,1,2,2
752,1,3,1,0,0,1,1,0,0,0,0,1,1,3
753,0,3,1,0,0,1,0,0,1,0,0,2,0,3
754,0,3,1,0,0,1,0,0,1,0,0,2,0,3
755,1,2,0,0,0,1,0,0,0,1,0,2,3,2
756,1,2,1,0,0,1,1,0,0,0,0,1,2,3
757,0,3,1,0,0,1,0,0,1,0,0,2,0,3
758,0,2,1,0,0,1,0,0,1,0,0,2,0,3
759,0,3,1,0,0,1,0,0,1,0,0,2,0,3
760,1,1,0,0,0,1,0,0,0,0,1,2,0,1
761,0,3,1,0,0,1,0,0,1,0,0,2,0,3
762,0,3,1,0,0,1,0,0,1,0,0,2,0,3
763,1,3,1,1,0,0,0,0,1,0,0,2,0,3
764,1,1,0,0,0,1,0,0,0,1,0,2,3,1
765,0,3,1,0,0,1,0,0,1,0,0,1,0,3
766,1,1,0,0,0,1,0,0,0,1,0,2,1,1
767,0,1,1,1,0,0,0,0,0,0,1,2,0,2
768,0,3,0,0,1,0,0,1,0,0,0,2,0,3
769,0,3,1,0,1,0,0,0,1,0,0,2,1,2
770,0,3,1,0,0,1,0,0,1,0,0,2,0,3
771,0,3,1,0,0,1,0,0,1,0,0,2,0,3
772,0,3,1,0,0,1,0,0,1,0,0,2,0,3
773,0,2,0,0,0,1,0,0,0,1,0,3,0,3
774,0,3,1,1,0,0,0,0,1,0,0,2,0,3
775,1,2,0,0,0,1,0,0,0,1,0,2,4,2
776,0,3,1,0,0,1,0,0,1,0,0,2,0,3
777,0,3,1,0,1,0,0,0,1,0,0,2,0,3
778,1,3,0,0,0,1,0,1,0,0,0,1,0,3
779,0,3,1,0,1,0,0,0,1,0,0,2,0,3
780,1,1,0,0,0,1,0,0,0,1,0,2,1,1
781,1,3,0,1,0,0,0,1,0,0,0,1,0,3
782,1,1,0,0,0,1,0,0,0,1,0,1,1,2
783,0,1,1,0,0,1,0,0,1,0,0,2,0,2
784,0,3,1,0,0,1,0,0,1,0,0,2,3,2
785,0,3,1,0,0,1,0,0,1,0,0,2,0,3
786,0,3,1,0,0,1,0,0,1,0,0,2,0,3
787,1,3,0,0,0,1,0,1,0,0,0,2,0,3
788,0,3,1,0,1,0,1,0,0,0,0,1,5,2
789,1,3,1,0,0,1,1,0,0,0,0,1,3,2
790,0,1,1,1,0,0,0,0,1,0,0,2,0,1
791,0,3,1,0,1,0,0,0,1,0,0,2,0,3
792,0,2,1,0,0,1,0,0,1,0,0,1,0,2
793,0,3,0,0,0,1,0,1,0,0,0,2,10,2
794,0,1,1,1,0,0,0,0,1,0,0,2,0,2
795,0,3,1,0,0,1,0,0,1,0,0,2,0,3
796,0,2,1,0,0,1,0,0,1,0,0,2,0,3
797,1,1,0,0,0,1,0,0,0,0,1,2,0,2
798,1,3,0,0,0,1,0,0,0,1,0,2,0,3
799,0,3,1,1,0,0,0,0,1,0,0,2,0,3
800,0,3,0,0,0,1,0,0,0,1,0,2,2,2
801,0,2,1,0,0,1,0,0,1,0,0,2,0,3
802,1,2,0,0,0,1,0,0,0,1,0,2,2,2
803,1,1,1,0,0,1,1,0,0,0,0,1,3,1
804,1,3,1,1,0,0,1,0,0,0,0,1,1,3
805,1,3,1,0,0,1,0,0,1,0,0,2,0,3
806,0,3,1,0,0,1,0,0,1,0,0,2,0,3
807,0,1,1,0,0,1,0,0,1,0,0,2,0,0
808,0,3,0,0,0,1,0,1,0,0,0,2,0,3
809,0,2,1,0,0,1,0,0,1,0,0,2,0,3
810,1,1,0,0,0,1,0,0,0,1,0,2,1,2
811,0,3,1,0,0,1,0,0,1,0,0,2,0,3
812,0,3,1,0,0,1,0,0,1,0,0,2,0,2
813,0,2,1,0,0,1,0,0,1,0,0,2,0,3
814,0,3,0,0,0,1,0,1,0,0,0,1,6,2
815,0,3,1,0,0,1,0,0,1,0,0,2,0,3
816,0,1,1,0,0,1,0,0,1,0,0,2,0,0
817,0,3,0,0,0,1,0,1,0,0,0,2,0,3
818,0,2,1,1,0,0,0,0,1,0,0,2,2,2
819,0,3,1,0,0,1,0,0,1,0,0,2,0,3
820,0,3,1,0,0,1,1,0,0,0,0,1,5,2
821,1,1,0,0,0,1,0,0,0,1,0,2,2,1
822,1,3,1,0,0,1,0,0,1,0,0,2,0,3
823,0,1,1,0,0,1,0,0,0,0,1,2,0,0
824,1,3,0,0,0,1,0,0,0,1,0,2,1,3
825,0,3,1,0,0,1,1,0,0,0,0,1,5,2
826,0,3,1,0,1,0,0,0,1,0,0,2,0,3
827,0,3,1,0,0,1,0,0,1,0,0,2,0,2
828,1,2,1,1,0,0,1,0,0,0,0,1,2,2
829,1,3,1,0,1,0,0,0,1,0,0,2,0,3
830,1,1,0,0,0,1,0,0,0,1,0,3,0,1
831,1,3,0,1,0,0,0,0,0,1,0,1,1,3
832,1,2,1,0,0,1,1,0,0,0,0,1,2,2
833,0,3,1,1,0,0,0,0,1,0,0,2,0,3
834,0,3,1,0,0,1,0,0,1,0,0,2,0,3
835,0,3,1,0,0,1,0,0,1,0,0,2,0,3
836,1,1,0,1,0,0,0,1,0,0,0,2,2,1
837,0,3,1,0,0,1,0,0,1,0,0,2,0,3
838,0,3,1,0,0,1,0,0,1,0,0,2,0,3
839,1,3,1,0,0,1,0,0,1,0,0,2,0,2
840,1,1,1,1,0,0,0,0,1,0,0,2,0,2
841,0,3,1,0,0,1,0,0,1,0,0,2,0,3
842,0,2,1,0,0,1,0,0,1,0,0,1,0,3
843,1,1,0,1,0,0,0,1,0,0,0,2,0,2
844,0,3,1,1,0,0,0,0,1,0,0,2,0,3
845,0,3,1,0,0,1,0,0,1,0,0,1,0,3
846,0,3,1,0,0,1,0,0,1,0,0,2,0,3
847,0,3,1,0,0,1,0,0,1,0,0,2,10,2
848,0,3,1,1,0,0,0,0,1,0,0,2,0,3
849,0,2,1,0,0,1,0,0,0,0,1,2,1,2
850,1,1,0,1,0,0,0,0,0,1,0,2,1,1
851,0,3,1,0,0,1,1,0,0,0,0,1,6,2
852,0,3,1,0,0,1,0,0,1,0,0,3,0,3
853,0,3,0,1,0,0,0,1,0,0,0,1,2,3
854,1,1,0,0,0,1,0,1,0,0,0,1,1,2
855,0,2,0,0,0,1,0,0,0,1,0,2,1,2
856,1,3,0,0,0,1,0,0,0,1,0,2,1,3
857,1,1,0,0,0,1,0,0,0,1,0,2,2,1
858,1,1,1,0,0,1,0,0,1,0,0,2,0,2
859,1,3,0,1,0,0,0,0,0,1,0,2,3,2
860,0,3,1,1,0,0,0,0,1,0,0,2,0,3
861,0,3,1,0,0,1,0,0,1,0,0,2,2,3
862,0,2,1,0,0,1,0,0,1,0,0,2,1,3
863,1,1,0,0,0,1,0,0,0,1,0,2,0,2
864,0,3,0,0,0,1,0,1,0,0,0,2,10,2
865,0,2,1,0,0,1,0,0,1,0,0,2,0,3
866,1,2,0,0,0,1,0,0,0,1,0,2,0,3
867,1,2,0,1,0,0,0,1,0,0,0,2,1,3
868,0,1,1,0,0,1,0,0,1,0,0,2,0,2
869,0,3,1,0,0,1,0,0,1,0,0,2,0,3
870,1,3,1,0,0,1,1,0,0,0,0,1,2,3
871,0,3,1,0,0,1,0,0,1,0,0,2,0,3
872,1,1,0,0,0,1,0,0,0,1,0,2,2,2
873,0,1,1,0,0,1,0,0,1,0,0,2,0,3
874,0,3,1,0,0,1,0,0,1,0,0,2,0,3
875,1,2,0,1,0,0,0,0,0,1,0,2,1,2
876,1,3,0,1,0,0,0,1,0,0,0,1,0,3
877,0,3,1,0,0,1,0,0,1,0,0,2,0,3
878,0,3,1,0,0,1,0,0,1,0,0,2,0,3
879,0,3,1,0,0,1,0,0,1,0,0,2,0,3
880,1,1,0,1,0,0,0,0,0,1,0,3,1,1
881,1,2,0,0,0,1,0,0,0,1,0,2,1,2
882,0,3,1,0,0,1,0,0,1,0,0,2,0,3
883,0,3,0,0,0,1,0,1,0,0,0,2,0,3
884,0,2,1,0,0,1,0,0,1,0,0,2,0,3
885,0,3,1,0,0,1,0,0,1,0,0,2,0,3
886,0,3,0,0,1,0,0,0,0,1,0,2,5,2
887,0,2,1,0,0,1,0,0,0,0,1,2,0,3
888,1,1,0,0,0,1,0,1,0,0,0,2,0,2
889,0,3,0,0,0,1,0,1,0,0,0,2,3,2
890,1,1,1,1,0,0,0,0,1,0,0,2,0,2
891,0,3,1,0,1,0,0,0,1,0,0,2,0,3
